"caller","callee","caller_file"
"adjust_weight_matrix","validate_weight_matrix","weights_preproc.R"
"ao_fuse_similarity","build_similarity_laplacian","mrf3_reconstr.R"
"ao_fuse_similarity","project_simplex","mrf3_reconstr.R"
"build_embedding_list","build_sample_embedding","mrf3_cl-util.R"
"build_fused_weight_from_cache","fuse_matrix_list","tune_t.R"
"build_fused_weight_from_cache","materialize_weight_from_cache","tune_t.R"
"build_model_weight_cache_list","build_weight_topv_cache","tune_t.R"
"build_model_weight_cache_list","prepare_weight_matrix","tune_t.R"
"build_sibling_edges","transform_sibling_corr","mrf3_cl-util.R"
"build_similarity_from_weights","validate_weight_matrix","signal_clustering.R"
"build_similarity_laplacian","knn_sparsify","mrf3_reconstr.R"
"build_soft_tree_prox","build_sibling_edges","mrf3_cl-util.R"
"build_soft_tree_prox","build_sparse_leaf_prox","mrf3_cl-util.R"
"build_weight_topv_cache","validate_weight_matrix","tune_t.R"
"choose_thres2","fit_multi_rfsrc","mrf3_vs.R"
"choose_thres2","get_r_sq","mrf3_vs.R"
"cl_forest","build_embedding_list","mrf3_cl-util.R"
"cl_forest","update_iter_cl","mrf3_cl-util.R"
"cluster_ari","adjusted_rand_index_internal","cluster_metrics.R"
"cluster_ari","prepare_cluster_pair","cluster_metrics.R"
"cluster_consensus_matrix","pam_cl","workflow_summary_tools.R"
"cluster_consensus_matrix","spectral_cl","workflow_summary_tools.R"
"cluster_imd","findConnection","pairwise_imd.R"
"cluster_imd","get_multi_weights","pairwise_imd.R"
"cluster_imd","normalize_connect_list","pairwise_imd.R"
"cluster_imd","pairwise_imd","pairwise_imd.R"
"cluster_jaccard","partition_jaccard_index_internal","cluster_metrics.R"
"cluster_jaccard","prepare_cluster_pair","cluster_metrics.R"
"cluster_metric_matrix","align_cluster_list","cluster_metrics.R"
"cluster_metric_matrix","cluster_ari","cluster_metrics.R"
"cluster_metric_matrix","cluster_jaccard","cluster_metrics.R"
"cluster_metric_matrix","cluster_nmi","cluster_metrics.R"
"cluster_metric_matrix","cluster_purity","cluster_metrics.R"
"cluster_metric_pair","cluster_metrics","workflow_summary_tools.R"
"cluster_metrics","adjusted_rand_index_internal","cluster_metrics.R"
"cluster_metrics","normalized_mutual_information_internal","cluster_metrics.R"
"cluster_metrics","partition_jaccard_index_internal","cluster_metrics.R"
"cluster_metrics","prepare_cluster_pair","cluster_metrics.R"
"cluster_nmi","normalized_mutual_information_internal","cluster_metrics.R"
"cluster_nmi","prepare_cluster_pair","cluster_metrics.R"
"cluster_purity","prepare_cluster_pair","cluster_metrics.R"
"cluster_shared_similarity","ao_fuse_similarity","signal_clustering.R"
"cluster_shared_similarity","build_similarity_from_weights","signal_clustering.R"
"cluster_shared_similarity","cluster_similarity_matrix","signal_clustering.R"
"cluster_shared_similarity","pam_cl","signal_clustering.R"
"cluster_similarity_matrix","pam_cl","signal_clustering.R"
"cluster_similarity_matrix","spectral_cl","signal_clustering.R"
"cluster_similarity_matrix","tune_k_clusters","signal_clustering.R"
"cluster_specific_similarity","build_similarity_from_weights","signal_clustering.R"
"cluster_specific_similarity","cluster_similarity_matrix","signal_clustering.R"
"cluster_specific_similarity","mrf3_cl_prox","signal_clustering.R"
"cluster_specific_similarity","resolve_specific_k","signal_clustering.R"
"cluster_subset","pam_cl","workflow_summary_tools.R"
"cluster_subset","spectral_cl","workflow_summary_tools.R"
"compute_tune_model_alpha","match_model_scores","tune_t.R"
"compute_tune_model_alpha","normalize_fusion_weights","tune_t.R"
"detect_entropy_elbow","pick_kneedle_fallback","tune_t.R"
"detect_entropy_elbow","smooth_running_mean","tune_t.R"
"em","sum.finite","em-util.R"
"eval_grid_until_entropy_elbow","detect_entropy_elbow","tune_t.R"
"evaluate_similarity_for_tuning","spectral_cl","tune_t.R"
"evaluate_similarity_for_tuning","tune_k_clusters","tune_t.R"
"extract_mrf3_plot_matrix","as_numeric_matrix","plot_tSNE.R"
"extract_mrf3_plot_matrix","cluster_imd","plot_tSNE.R"
"extract_mrf3_plot_matrix","pairwise_imd","plot_tSNE.R"
"extract_mrf3_plot_matrix","resolve_choice","plot_tSNE.R"
"extract_plot_matrix","as_numeric_matrix","plot_tSNE.R"
"extract_plot_matrix","extract_mrf3_plot_matrix","plot_tSNE.R"
"extract_plot_matrix","is_mrf3_fit_object","plot_tSNE.R"
"extract_plot_weights","as_weight_list","plot_tSNE.R"
"extract_plot_weights","cluster_imd","plot_tSNE.R"
"extract_plot_weights","is_mrf3_fit_object","plot_tSNE.R"
"extract_plot_weights","resolve_choice","plot_tSNE.R"
"filter_omics","filter_omics_block","filter_omics.R"
"filter_omics","infer_omics_type","filter_omics.R"
"filter_omics","normalize_top_n_by_type","filter_omics.R"
"filter_omics","resolve_top_n","filter_omics.R"
"filter_omics","sanitize_omics_block","filter_omics.R"
"find_subtrees","build_tree","pairwise_imd.R"
"find_subtrees","get_subtree","pairwise_imd.R"
"findConnection","calc_gcc_ratio","findConnection.R"
"findConnection","calc_weight_concentration","findConnection.R"
"findConnection","prepare_weight_matrix","findConnection.R"
"fit_multi_rfsrc","fit_rfsrc","fit_rfsrc.R"
"fit_multi_rfsrc","fullConnect","fit_rfsrc.R"
"fullConnect","fit_rfsrc","findConnection.R"
"get_corr","safe_spearman","mrf3_cl-util.R"
"get_imp_forest","update_iter_imp","mrf3-util.R"
"get_leaf_corr","get_corr","mrf3_cl-util.R"
"get_leaf_corr","get_leaf_centroid_embedding","mrf3_cl-util.R"
"get_multi_weights","get_results","mrf3-util.R"
"get_reconstr_matrix","fuse_matrix_list","mrf3_reconstr.R"
"get_reconstr_matrix","match_model_scores","mrf3_reconstr.R"
"get_reconstr_matrix","normalize_fusion_weights","mrf3_reconstr.R"
"get_reconstr_matrix","parse_model_pair","mrf3_reconstr.R"
"get_reconstr_matrix","postprocess_fused_weight","mrf3_reconstr.R"
"get_reconstr_matrix","prepare_weight_matrix","mrf3_reconstr.R"
"get_results","get_imp_forest","mrf3-util.R"
"get_shared_specific_weights","fit_rfsrc","shared_specific_weights.R"
"get_shared_specific_weights","prepare_weight_matrix","shared_specific_weights.R"
"get_tree_imp","get_Y_imp","mrf3-util.R"
"match_model_scores","parse_model_pair","mrf3_reconstr.R"
"mrf3","mrf3_fit","mrf3_workflow_simple.R"
"mrf3_cl","mrf3_cl_prox","mrf3_cl.R"
"mrf3_cl","mrf3_reconstr","mrf3_cl.R"
"mrf3_cl_prox","cl_forest","mrf3_cl_prox.R"
"mrf3_cl_prox","estimate_density_mode","mrf3_cl_prox.R"
"mrf3_cl_prox","pam_cl","mrf3_cl_prox.R"
"mrf3_cl_prox","spectral_cl","mrf3_cl_prox.R"
"mrf3_cl_prox","tune_k_clusters","mrf3_cl_prox.R"
"mrf3_fit","cluster_imd","mrf3_workflow.R"
"mrf3_fit","cluster_specific_similarity","mrf3_workflow.R"
"mrf3_fit","enumerate_connections","mrf3_workflow.R"
"mrf3_fit","get_multi_weights","mrf3_workflow.R"
"mrf3_fit","get_reconstr_matrix","mrf3_workflow.R"
"mrf3_fit","get_shared_frac","mrf3_workflow.R"
"mrf3_fit","get_shared_specific_weights","mrf3_workflow.R"
"mrf3_fit","mrf3_cl_prox","mrf3_workflow.R"
"mrf3_fit","mrf3_init","mrf3_workflow.R"
"mrf3_fit","mrf3_specific_clustering","mrf3_workflow.R"
"mrf3_fit","mrf3_vs","mrf3_workflow.R"
"mrf3_fit","normalize_connect_list","mrf3_workflow.R"
"mrf3_fit","tune_fused_top_v","mrf3_workflow.R"
"mrf3_fit","tune_model_top_v","mrf3_workflow.R"
"mrf3_full","mrf3_fit","mrf3_workflow_simple.R"
"mrf3_init","filter_omics","mrf3_init.R"
"mrf3_init","findConnection","mrf3_init.R"
"mrf3_init","fit_multi_rfsrc","mrf3_init.R"
"mrf3_init","get_r_sq","mrf3_init.R"
"mrf3_init","normalize_connect_list","mrf3_init.R"
"mrf3_reconstr","ao_fuse_similarity","mrf3_reconstr.R"
"mrf3_reconstr","get_reconstr_matrix","mrf3_reconstr.R"
"mrf3_reconstr","pam_cl","mrf3_reconstr.R"
"mrf3_reconstr","spectral_cl","mrf3_reconstr.R"
"mrf3_reconstr","tune_k_clusters","mrf3_reconstr.R"
"mrf3_report","align_labels_to_samples","workflow_summary_tools.R"
"mrf3_report","cluster_metric_pair","workflow_summary_tools.R"
"mrf3_report","is_mrf3_fit_object","workflow_summary_tools.R"
"mrf3_report","mrf3_sample_names","workflow_summary_tools.R"
"mrf3_report","mrf3_tidy_clusters","workflow_summary_tools.R"
"mrf3_report","mrf3_tidy_imd","workflow_summary_tools.R"
"mrf3_report","mrf3_tidy_shared","workflow_summary_tools.R"
"mrf3_report","plot_tSNE","workflow_summary_tools.R"
"mrf3_specific_clustering","cluster_shared_similarity","signal_clustering.R"
"mrf3_specific_clustering","cluster_specific_similarity","signal_clustering.R"
"mrf3_stability","align_labels_to_samples","workflow_summary_tools.R"
"mrf3_stability","cluster_consensus_matrix","workflow_summary_tools.R"
"mrf3_stability","cluster_metric_pair","workflow_summary_tools.R"
"mrf3_stability","cluster_subset","workflow_summary_tools.R"
"mrf3_stability","is_mrf3_fit_object","workflow_summary_tools.R"
"mrf3_stability","mrf3_sample_names","workflow_summary_tools.R"
"mrf3_stability","safe_mean","workflow_summary_tools.R"
"mrf3_stability","update_coassign_mats","workflow_summary_tools.R"
"mrf3_tidy_clusters","is_mrf3_fit_object","workflow_summary_tools.R"
"mrf3_tidy_clusters","mrf3_sample_names","workflow_summary_tools.R"
"mrf3_tidy_imd","cluster_imd","workflow_summary_tools.R"
"mrf3_tidy_imd","is_mrf3_fit_object","workflow_summary_tools.R"
"mrf3_tidy_pairwise_imd","cluster_imd","workflow_summary_tools.R"
"mrf3_tidy_pairwise_imd","is_mrf3_fit_object","workflow_summary_tools.R"
"mrf3_tidy_pairwise_imd","pairwise_imd","workflow_summary_tools.R"
"mrf3_tidy_shared","is_mrf3_fit_object","workflow_summary_tools.R"
"mrf3_tsne","tsne","mrf3_tsne.R"
"mrf3_vs","choose_thres2","mrf3_vs.R"
"mrf3_vs","chooss_thres3","mrf3_vs.R"
"mrf3_vs","em","mrf3_vs.R"
"mrf3_vs","fit_multi_rfsrc","mrf3_vs.R"
"mrf3_vs","get_param","mrf3_vs.R"
"mrf3_vs","get_r_sq","mrf3_vs.R"
"mrf3_vs","test_fn","mrf3_vs.R"
"pairwise_imd_mod","pairwise_imd_tree","pairwise_imd.R"
"pairwise_imd_tree","find_subtrees","pairwise_imd.R"
"pairwise_imd.mrf3","pairwise_imd_mod","pairwise_imd.R"
"pick_kneedle_fallback","smooth_running_mean","tune_t.R"
"plot_heatmap","extract_plot_matrix","plot_tSNE.R"
"plot_network","extract_plot_matrix","plot_tSNE.R"
"plot_tSNE","as_numeric_matrix","plot_tSNE.R"
"plot_tSNE","extract_mrf3_plot_matrix","plot_tSNE.R"
"plot_tSNE","is_mrf3_fit_object","plot_tSNE.R"
"plot_tSNE","mrf3_tsne","plot_tSNE.R"
"plot_umap","extract_plot_matrix","plot_tSNE.R"
"plot_weights","extract_plot_weights","plot_tSNE.R"
"postprocess_fused_weight","row_normalize_weights","mrf3_reconstr.R"
"postprocess_fused_weight","truncate_top_v_rows","mrf3_reconstr.R"
"prepare_tune_inputs","infer_tune_sample_n","tune_t.R"
"prepare_tune_inputs","subset_rfit_to_samples","tune_t.R"
"prepare_weight_list","prepare_weight_matrix","weights_preproc.R"
"prepare_weight_matrix","adjust_weight_matrix","weights_preproc.R"
"prepare_weight_matrix","row_normalize_weights","weights_preproc.R"
"prepare_weight_matrix","truncate_top_v_rows","weights_preproc.R"
"prepare_weight_matrix","validate_weight_matrix","weights_preproc.R"
"print.mrf3_fit","print.summary.mrf3_fit","mrf3_workflow_methods.R"
"print.mrf3_fit","summary.mrf3_fit","mrf3_workflow_methods.R"
"resolve_top_n","default_methylation_top_n","filter_omics.R"
"resolve_top_n","default_mirna_top_n","filter_omics.R"
"resolve_top_n","resolve_manual_top_n","filter_omics.R"
"row_normalize_weights","validate_weight_matrix","weights_preproc.R"
"select_tune_summary","detect_entropy_elbow","tune_t.R"
"simulate_shared_specific_intersim","simulate_intersim_shared_specific","sim_intersim_shared_specific.R"
"spectral_cl","pam_cl","tune_k_clusters.R"
"summary.mrf3_fit","cluster_imd","mrf3_workflow_methods.R"
"truncate_top_v_rows","validate_weight_matrix","weights_preproc.R"
"tsne","tsne_cost_gradient_cpp","mrf3_tsne.R"
"tune_fused_top_v","build_fused_weight_from_cache","tune_t.R"
"tune_fused_top_v","build_model_weight_cache_list","tune_t.R"
"tune_fused_top_v","calc_fused_weight_entropy","tune_t.R"
"tune_fused_top_v","compute_tune_model_alpha","tune_t.R"
"tune_fused_top_v","eval_grid","tune_t.R"
"tune_fused_top_v","eval_grid_until_entropy_elbow","tune_t.R"
"tune_fused_top_v","evaluate_similarity_for_tuning","tune_t.R"
"tune_fused_top_v","infer_fused_tune_vmax","tune_t.R"
"tune_fused_top_v","make_tune_grid","tune_t.R"
"tune_fused_top_v","postprocess_fused_weight","tune_t.R"
"tune_fused_top_v","prepare_tune_inputs","tune_t.R"
"tune_fused_top_v","resolve_tune_mod_inputs","tune_t.R"
"tune_fused_top_v","select_tune_summary","tune_t.R"
"tune_k_clusters.default","pam_cl","tune_k_clusters.R"
"tune_k_clusters.default","spectral_cl","tune_k_clusters.R"
"tune_k_clusters.mrf3","pam_cl","tune_k_clusters.R"
"tune_k_clusters.mrf3","spectral_cl","tune_k_clusters.R"
"tune_model_top_v","bind_tune_rows","tune_t.R"
"tune_model_top_v","build_fused_weight_from_cache","tune_t.R"
"tune_model_top_v","build_model_weight_cache_list","tune_t.R"
"tune_model_top_v","calc_fused_weight_entropy","tune_t.R"
"tune_model_top_v","compute_tune_model_alpha","tune_t.R"
"tune_model_top_v","eval_grid","tune_t.R"
"tune_model_top_v","evaluate_similarity_for_tuning","tune_t.R"
"tune_model_top_v","infer_fused_tune_vmax","tune_t.R"
"tune_model_top_v","make_tune_grid","tune_t.R"
"tune_model_top_v","postprocess_fused_weight","tune_t.R"
"tune_model_top_v","prepare_tune_inputs","tune_t.R"
"tune_model_top_v","resolve_tune_mod_inputs","tune_t.R"
"tune_model_top_v","select_tune_summary","tune_t.R"
"update_iter_cl","build_embedding_list","mrf3_cl-util.R"
"update_iter_cl","build_soft_tree_prox","mrf3_cl-util.R"
"update_iter_cl","build_sparse_leaf_prox","mrf3_cl-util.R"
"update_iter_cl","get_leaf_corr","mrf3_cl-util.R"
"update_iter_cl","get_tree_net","mrf3_cl-util.R"
"update_iter_cl","update_tree_leaf","mrf3_cl-util.R"
"update_iter_imp","get_iv","mrf3-util.R"
"update_iter_imp","get_leaf_ds","mrf3-util.R"
"update_iter_imp","get_tree_imp","mrf3-util.R"
"update_iter_imp","get_tree_net","mrf3-util.R"
"update_tree_leaf","get_leaf_corr","mrf3_cl-util.R"
